{"_runtime":119.879438,"_step":2448,"Metrics/episode_reward":-486.78912650078126,"Metrics/avg_length_10":500,"Training/policy_update":1,"timestep":996000,"episode":2000,"_timestamp":1.7424306120579991e+09,"Metrics/episode_length":500,"Metrics/avg_reward_10":-484.1501746156284,"_wandb":{"runtime":120}}