{"_wandb":{"runtime":24},"_runtime":23.832000999999998,"timestep":180000,"Metrics/episode_reward":-42.870379507723484,"Metrics/episode_length":45,"Training/policy_update":1,"Metrics/avg_reward_10":-42.838313555240845,"episode":2000,"_timestamp":1.742430862605087e+09,"Metrics/avg_length_10":45,"_step":2244}