{"episode":12,"Metrics/episode_reward":-328.66313135748766,"_step":12,"Metrics/avg_length_10":326.3,"Metrics/episode_length":337,"_timestamp":1.742430382281643e+09,"Metrics/avg_reward_10":-316.28220149506194,"_runtime":1.3738540000000001,"_wandb":{"runtime":2}}